user_id,text_id,pred_valence,pred_arousal
3,256,0.8623624444007874,0.590692937374115
3,257,0.6688377261161804,0.7997159957885742
3,258,1.236114263534546,0.6624993085861206
3,249,0.6841292381286621,1.19674813747406
3,250,-1.0165480375289917,0.20881789922714233
7,349,0.0026763123460114002,0.720608115196228
7,350,-1.3658427000045776,0.0019767326302826405
10,411,2.0399723052978516,0.25767168402671814
10,412,1.0167829990386963,0.04727606102824211
10,413,0.4105145037174225,-0.07875414937734604
17,1090,-0.19926965236663818,0.3976247012615204
17,1091,1.4184993505477905,0.2591239809989929
17,1092,-0.2650161385536194,0.5019129514694214
17,1093,-0.4023607671260834,0.2325604110956192
17,1094,1.387311577796936,1.2268503904342651
17,1095,-0.26222097873687744,1.1208722591400146
17,1096,1.1638041734695435,0.37797248363494873
17,1097,1.2047208547592163,0.5902640223503113
17,1098,-0.3150135576725006,1.4616845846176147
17,1062,-0.8009482622146606,1.3063076734542847
17,1063,1.1518784761428833,0.3156571686267853
17,1064,-1.3422952890396118,0.2474813312292099
17,1065,1.2682055234909058,0.4476436674594879
17,1066,-0.05604838207364082,1.63756263256073
17,1067,1.2550642490386963,0.5486361980438232
17,1068,1.1289414167404175,0.296232134103775
17,1069,1.2786346673965454,0.21678124368190765
17,1070,-1.2970269918441772,0.176462784409523
17,1071,-0.33453500270843506,0.9581702947616577
17,1072,0.25541090965270996,0.5275120139122009
17,1073,-1.2739957571029663,0.34418222308158875
17,1074,-0.24928666651248932,1.4019968509674072
17,1115,-1.2935136556625366,0.44793280959129333
17,1116,-1.1678135395050049,0.6597468852996826
17,1117,0.4436204135417938,0.4408583343029022
17,1118,-0.9101144075393677,0.5657985806465149
17,1119,1.5278531312942505,0.24380190670490265
17,1120,0.8196471333503723,0.20697177946567535
17,1121,1.050136685371399,0.175313800573349
17,1122,1.7839504480361938,0.16941119730472565
17,1123,-0.9327748417854309,0.190391406416893
17,1124,1.2794564962387085,0.5745693445205688
17,1125,1.2368983030319214,0.4029068350791931
17,1126,1.6507203578948975,0.38777756690979004
17,1127,1.8532739877700806,0.03085225820541382
17,1128,0.392730712890625,0.8695042133331299
17,1129,1.629550576210022,0.3788463771343231
17,1130,-0.25081950426101685,0.16668666899204254
17,1131,0.47720733284950256,0.46600985527038574
17,1132,0.5915918350219727,0.8014569878578186
17,1133,-0.6624203324317932,0.2980717122554779
17,1134,0.44879624247550964,0.4756307303905487
17,1135,-0.9258446097373962,1.1818150281906128
17,1136,0.12549255788326263,0.5028425455093384
17,1137,1.7852846384048462,0.03453422337770462
17,1138,1.0755921602249146,0.327922523021698
17,1139,-1.547735333442688,0.6098130941390991
17,1099,0.5808010697364807,0.6339267492294312
17,1100,-0.8784006237983704,0.1006566733121872
17,1101,-1.310819387435913,0.08856061846017838
17,1102,1.1825400590896606,0.0920213982462883
17,1103,-1.5425282716751099,0.059393737465143204
17,1104,0.6878378987312317,0.5111660361289978
17,1105,1.8748712539672852,0.08473643660545349
17,1106,0.7936519980430603,0.4461168944835663
17,1107,-1.4279316663742065,0.07886018604040146
17,1108,1.0416468381881714,0.6012681126594543
17,1109,0.7265844941139221,0.7328424453735352
17,1110,0.9625701308250427,0.4105924665927887
17,1111,-0.07212048023939133,1.172590732574463
17,1112,0.30362844467163086,1.167460560798645
17,1113,-0.4747302830219269,0.5325330495834351
17,1114,0.13240811228752136,0.5556085705757141
17,1155,1.4243208169937134,0.2976568043231964
17,1156,1.8654416799545288,0.3282572329044342
17,1157,0.40181779861450195,0.5765963792800903
17,1158,1.8516160249710083,0.40571436285972595
17,1159,1.263992428779602,0.23837409913539886
17,1160,-1.6005252599716187,0.3568577766418457
17,1161,-1.3596521615982056,1.0190706253051758
17,1162,-1.6843715906143188,0.06638055294752121
17,1163,-0.37282559275627136,0.3251870274543762
17,1164,-0.18923038244247437,0.10486096888780594
17,1165,-0.157605841755867,0.7912445068359375
17,1166,0.2035849243402481,0.2620547413825989
17,1167,-1.3356095552444458,0.22634437680244446
17,1168,0.36362752318382263,0.6018133759498596
17,1169,1.2151135206222534,0.4505201280117035
17,1170,-0.721566915512085,0.5359611511230469
17,1171,0.15360569953918457,0.6376000642776489
17,1172,-1.2833830118179321,0.13455455005168915
17,1173,0.16181246936321259,0.8676021099090576
17,1174,1.2534750699996948,0.2923111319541931
17,1175,-0.31180015206336975,0.3940701186656952
17,1176,0.3868699371814728,0.3581918776035309
17,1177,-1.774377703666687,0.07630021125078201
17,1178,-0.8774698972702026,0.3888425827026367
17,1179,0.9640283584594727,0.542040228843689
17,1180,-0.8004324436187744,0.7415767312049866
17,1181,-0.29840946197509766,0.8644753098487854
17,1140,-1.2436378002166748,0.29074591398239136
17,1141,1.3956608772277832,0.24249504506587982
17,1142,-0.5316095948219299,1.1368776559829712
17,1143,-0.4659365713596344,0.553127110004425
17,1144,-1.118909239768982,0.5564149022102356
17,1145,-0.19558104872703552,0.33954355120658875
17,1146,-1.1081905364990234,0.4088241159915924
17,1147,-1.3054853677749634,0.11776713281869888
17,1148,-0.29657992720603943,0.80613112449646
17,1149,0.8954485058784485,1.0931979417800903
17,1150,-1.5030958652496338,0.14082016050815582
17,1151,-1.193189024925232,0.11353714764118195
17,1152,0.9762808084487915,0.44291767477989197
17,1153,0.23905803263187408,1.4048904180526733
17,1154,-0.2697959840297699,0.6226993203163147
18,1302,1.7572282552719116,1.011971116065979
18,1303,2.070643663406372,0.0980195626616478
18,1304,1.889719843864441,0.15605859458446503
18,1286,2.0635123252868652,0.34227272868156433
18,1287,1.9915947914123535,0.2589492201805115
18,1288,1.8090531826019287,0.6065860986709595
18,1289,1.6917126178741455,1.0645719766616821
18,1290,1.9785465002059937,0.5948406457901001
18,1291,2.006679058074951,0.5740994215011597
19,1313,-0.46027329564094543,1.4346486330032349
19,1314,-0.8532556295394897,1.171062707901001
19,1315,-1.5022770166397095,0.7747214436531067
19,1316,-1.5066663026809692,0.02639467641711235
20,1319,0.1765173226594925,0.5090393424034119
20,1320,1.387654185295105,0.8102966547012329
23,1348,1.0861191749572754,0.4103552997112274
23,1336,1.1159082651138306,0.7168042659759521
23,1337,-0.3349601626396179,0.8938632011413574
23,1338,-1.4698032140731812,0.025486577302217484
23,1339,0.10260703414678574,0.5469852089881897
23,1340,-0.30969181656837463,0.5277113914489746
24,1415,-1.7193281650543213,0.19391052424907684
24,1416,-1.5101858377456665,0.36704257130622864
24,1417,-0.8929309248924255,0.1783888339996338
24,1418,-1.16777765750885,0.20325376093387604
25,1490,0.038411546498537064,1.4697308540344238
25,1491,-0.07475393265485764,1.3744546175003052
33,2209,-1.113220453262329,0.04147376865148544
33,2210,-1.6775715351104736,-0.13674210011959076
33,2211,-1.4138609170913696,0.2193681299686432
33,2212,-1.8077651262283325,-0.03721754252910614
33,2213,-1.8992491960525513,-0.03595120459794998
33,2214,-1.417938232421875,0.8314574956893921
33,2215,-1.9059239625930786,0.01615745574235916
33,2176,-0.8037364482879639,-0.13646116852760315
33,2177,0.2753165066242218,0.2115543782711029
33,2178,0.9160117506980896,0.19913607835769653
33,2179,-0.12440679222345352,0.618628978729248
33,2180,-1.8076670169830322,-0.07925320416688919
33,2181,-1.187917709350586,-0.04195395112037659
33,2182,-1.1497405767440796,0.9113773107528687
33,2183,-1.2402667999267578,0.9975766539573669
33,2184,-1.6904412508010864,0.057776838541030884
33,2185,-1.5428251028060913,0.0014232625253498554
33,2186,-1.4487544298171997,-0.062553770840168
33,2187,-1.4390084743499756,-0.03732077404856682
33,2188,-1.7183854579925537,-0.06536751240491867
33,2189,-1.803526759147644,-0.016055863350629807
33,2190,-1.794138789176941,-0.0003373469226062298
33,2191,-0.36429479718208313,0.25115326046943665
33,2192,-1.5396921634674072,0.0273326076567173
33,2233,-1.1196441650390625,0.7704349160194397
33,2234,-1.8181644678115845,-0.002586688380688429
33,2235,-1.4282110929489136,-0.07538561522960663
33,2236,-1.8441212177276611,0.00904790684580803
33,2237,-1.8176079988479614,-0.029376529157161713
33,2238,-1.7744898796081543,-0.02385202795267105
33,2239,-1.879884123802185,-0.02690586820244789
33,2240,-1.5685834884643555,0.06580369174480438
33,2241,-1.0375176668167114,0.010187765583395958
33,2242,-1.8340466022491455,-0.011420972645282745
33,2243,-1.1298444271087646,-0.04923611506819725
33,2244,-0.6600615382194519,0.1388629823923111
33,2245,-1.074663519859314,0.7460981607437134
33,2246,-1.9874076843261719,0.06207656115293503
33,2247,-1.967262625694275,0.13744167983531952
33,2248,-1.5328675508499146,-0.007180038373917341
33,2249,-0.316494882106781,0.17207913100719452
33,2250,-0.36572524905204773,0.577698290348053
33,2251,-1.801641821861267,-0.03154493495821953
33,2252,-1.515618920326233,0.03936011344194412
33,2253,-1.7624832391738892,-0.015153389424085617
33,2254,-1.8676682710647583,-0.01065881922841072
33,2255,-1.4897209405899048,0.003409039694815874
33,2256,-1.3854511976242065,0.15377557277679443
33,2216,-1.7547365427017212,-8.473871275782585e-05
33,2217,-1.3494101762771606,0.177528515458107
33,2218,-1.1724971532821655,-0.16663827002048492
33,2219,-1.7015711069107056,0.014835050329566002
33,2220,-1.4559893608093262,0.029672078788280487
33,2221,-1.7623677253723145,0.11014914512634277
33,2222,-0.8473511338233948,0.9657183885574341
33,2223,-1.343306064605713,0.35023757815361023
33,2224,-0.7858616709709167,0.854955792427063
33,2225,-1.3456915616989136,0.4673069715499878
33,2226,-1.9082242250442505,0.10867919772863388
33,2227,-1.879884123802185,-0.02690586820244789
33,2228,-1.7923766374588013,-0.025037650018930435
33,2229,-1.4785033464431763,0.09130776673555374
33,2230,-1.0612602233886719,1.073914647102356
33,2231,-1.4841099977493286,1.3151906728744507
33,2232,-1.865334391593933,0.00415789382532239
33,2272,-1.844520926475525,-0.01465122401714325
33,2273,-1.9663738012313843,0.1417907029390335
33,2274,-1.824273943901062,0.10954054445028305
33,2275,-1.5127993822097778,0.04874463379383087
33,2276,-0.850937008857727,0.6641982197761536
33,2277,-1.8806018829345703,0.1378721296787262
33,2278,-1.2040983438491821,-0.04365375265479088
33,2279,-1.5685834884643555,0.06580369174480438
33,2280,-0.7637710571289062,0.6609437465667725
33,2281,-1.7953132390975952,-0.045415058732032776
33,2282,-0.5998314619064331,-0.09958615154027939
33,2283,-1.6774128675460815,-0.10679303854703903
33,2284,-1.9055485725402832,0.0003354591317474842
33,2285,-1.8071932792663574,-0.005883097182959318
33,2286,-1.8288472890853882,-0.015141922980546951
33,2287,-1.6633542776107788,-0.11207342892885208
33,2288,-1.5626658201217651,0.02061162143945694
33,2289,-1.6568055152893066,-0.13443800806999207
33,2290,1.2722455263137817,-0.1504242867231369
33,2291,-1.8154772520065308,0.005011462140828371
33,2292,-0.5996437668800354,-0.05529782176017761
33,2293,-1.5670627355575562,0.9777390956878662
33,2294,-1.8118841648101807,-0.06245199218392372
33,2295,-1.923907995223999,0.004045181442052126
33,2296,-1.7376130819320679,0.06800545752048492
33,2297,-1.9219766855239868,0.07224612683057785
33,2298,-1.9095592498779297,0.33710187673568726
33,2257,-1.9266847372055054,0.09523548930883408
33,2258,-1.7855424880981445,0.05396290123462677
33,2259,-1.7863017320632935,0.11809845268726349
33,2260,-1.8232651948928833,-0.0531991571187973
33,2261,-1.8450604677200317,-0.00690509332343936
33,2262,-1.8413872718811035,-0.04536300525069237
33,2263,-1.7880029678344727,-0.037575580179691315
33,2264,-1.1916370391845703,0.061536550521850586
33,2265,-1.8042514324188232,-0.061364829540252686
33,2266,-1.1157246828079224,-0.0018309387378394604
33,2267,-0.9858518838882446,1.3137024641036987
33,2268,-1.903908610343933,-0.0732257142663002
33,2269,-1.1430455446243286,-0.09270127862691879
33,2270,-1.8690028190612793,-0.038085874170064926
33,2271,-1.2862555980682373,0.5239111185073853
34,2367,-1.7478810548782349,0.6914963126182556
35,2410,0.9817963242530823,1.6942980289459229
35,2411,-0.14419923722743988,0.8363769054412842
42,3830,0.3682611882686615,1.030112624168396
42,3831,-0.02702229842543602,1.441278100013733
42,3832,0.16734899580478668,1.3051234483718872
42,3833,1.1790472269058228,0.8239691257476807
43,3994,-0.8227626085281372,0.6215605735778809
43,3995,-1.0882686376571655,0.13446871936321259
43,3988,-0.7068942189216614,0.4773617088794708
43,3989,-0.8919365406036377,1.3338886499404907
54,3540,1.6798985004425049,0.9279884099960327
54,3644,1.1249326467514038,1.7311640977859497
54,3725,1.824123501777649,0.8295314908027649
54,3834,1.4035331010818481,1.2683701515197754
54,3913,0.9725261926651001,1.614499568939209
54,4016,1.8644036054611206,0.5093274712562561
54,4077,1.911312460899353,0.5971491932868958
54,4164,1.8917980194091797,0.6245965361595154
54,4228,1.7979220151901245,1.140462875366211
60,2588,0.795518159866333,1.2720882892608643
60,2599,1.9478890895843506,0.11199913918972015
60,2610,0.8419967889785767,1.812442660331726
60,2621,0.948598325252533,1.6165915727615356
60,2632,2.057929515838623,0.11740148067474365
60,2643,1.9601303339004517,0.4708283245563507
60,2655,1.8664307594299316,0.8553889989852905
60,2666,1.6534990072250366,0.7585927248001099
60,2870,2.0083911418914795,0.5200145244598389
60,2881,0.9403272271156311,1.3784741163253784
60,2891,1.617874026298523,0.19607046246528625
60,2900,2.045433521270752,0.43959853053092957
60,2911,1.3679207563400269,1.2074663639068604
60,2922,2.002351999282837,0.21511788666248322
60,2933,1.4780827760696411,1.0551493167877197
60,2940,1.3354994058609009,0.9259277582168579
60,2942,1.7719625234603882,-0.029327839612960815
60,2952,2.034933567047119,0.31041932106018066
60,2953,1.2135790586471558,1.30843985080719
60,2959,1.334243655204773,0.04273170977830887
61,3069,-1.0574774742126465,0.0988432914018631
61,3080,1.0288701057434082,1.4062193632125854
61,3091,-1.2331997156143188,0.532157301902771
61,3102,-0.4502856433391571,0.9654849171638489
61,3113,0.21306203305721283,0.5737003087997437
61,3124,-1.2605525255203247,0.44381144642829895
61,3136,0.8599012494087219,0.6607862710952759
61,3146,0.009189669042825699,0.5538039207458496
61,3157,-1.662461280822754,0.48052746057510376
61,3168,1.8080843687057495,0.40817511081695557
64,4710,1.9990193843841553,0.24887458980083466
64,4711,0.6222822070121765,0.6050681471824646
64,4712,1.6059070825576782,0.4765641391277313
64,4713,1.7163035869598389,0.5442721247673035
64,4714,1.5482550859451294,0.40819689631462097
64,4716,1.4813076257705688,1.4329808950424194
64,4717,0.9671446681022644,0.9561384916305542
64,4718,1.1233400106430054,0.9866588711738586
64,4719,1.2916879653930664,0.955649733543396
64,4733,1.8011914491653442,0.6536078453063965
64,4734,1.77153742313385,0.4009929597377777
64,4735,1.7105928659439087,0.4217866361141205
64,4736,1.8614965677261353,-0.058454860001802444
64,4737,1.4311537742614746,1.2485142946243286
64,4738,1.807386875152588,0.8586295247077942
64,4740,-0.7124407887458801,1.0487850904464722
64,4741,-0.022936519235372543,0.034756939858198166
64,4742,1.637067198753357,0.6402075886726379
64,4743,1.7488499879837036,0.3982798159122467
67,4806,0.22416791319847107,1.0333186388015747
67,4807,-1.5626741647720337,-0.07293432950973511
67,4808,1.1377897262573242,0.4888816177845001
67,4809,0.020556766539812088,1.2041269540786743
67,4810,-1.1743155717849731,-0.001853920053690672
67,4811,0.5198584198951721,0.6472886204719543
67,4812,0.20539264380931854,0.8322626352310181
67,4813,1.2212823629379272,0.31102123856544495
67,4815,-1.4356178045272827,0.11458469182252884
73,5022,-0.08597076684236526,1.4000698328018188
73,5023,-1.92976975440979,-0.03435540944337845
73,5024,-0.404256135225296,0.5446580648422241
73,5025,-1.7404321432113647,0.24131198227405548
73,5026,-1.52838933467865,0.1929446905851364
73,5027,1.465760350227356,1.571981430053711
73,5028,-1.1291141510009766,0.4189584255218506
73,5029,-1.2244454622268677,0.45424285531044006
75,5062,-1.655393362045288,0.21504472196102142
75,5063,-1.0853495597839355,0.27545058727264404
75,5064,-1.1034553050994873,0.8980748653411865
75,5065,-1.404143214225769,0.7971227169036865
75,5066,-1.393290400505066,0.14941221475601196
75,5067,-0.2416864037513733,-0.03871168568730354
75,5068,-0.5059828162193298,0.4599003493785858
75,5069,-0.16784898936748505,1.292062520980835
75,5070,1.689104676246643,0.2647537887096405
75,5071,1.844251275062561,0.39491668343544006
75,5072,1.8279250860214233,0.22590993344783783
75,5073,0.3786270320415497,1.7816575765609741
75,5074,-1.7846311330795288,-0.05360497161746025
75,5075,-1.5940858125686646,0.047520969063043594
75,5076,-0.3070352375507355,0.13241295516490936
80,5193,0.37831035256385803,1.139449954032898
80,5194,0.5597315430641174,1.9236770868301392
80,5195,-1.6267958879470825,1.055620551109314
80,5196,-1.2881442308425903,0.9698307514190674
80,5197,0.959733784198761,1.8000861406326294
80,5198,1.554377555847168,1.40788996219635
80,5199,-1.0961204767227173,0.7618523836135864
80,5200,0.19701571762561798,0.7289233207702637
80,5201,0.33066195249557495,0.49204763770103455
80,5202,0.5808780193328857,0.3318899869918823
80,5203,0.4073686897754669,0.5524309277534485
80,5204,0.2677648365497589,0.6609052419662476
80,5205,1.223169207572937,1.6197457313537598
80,5206,-0.37150490283966064,1.3766132593154907
89,571,1.7190126180648804,0.9635846018791199
89,572,-1.6869771480560303,-0.10446260124444962
89,573,-0.8852323889732361,0.20533640682697296
89,574,1.557947039604187,0.969413697719574
89,579,-0.1332472711801529,1.32305109500885
89,580,-1.7787479162216187,0.08760498464107513
89,581,-1.7720566987991333,0.020464472472667694
89,582,-1.4919404983520508,1.3951658010482788
89,583,-0.9777965545654297,0.32636532187461853
89,584,-1.9572750329971313,0.031028665602207184
89,585,1.5600789785385132,0.8985317945480347
89,586,-1.0537821054458618,0.6404775977134705
89,587,-0.7602754831314087,0.1260325163602829
94,970,1.32594895362854,0.12310541421175003
94,971,-1.9632378816604614,0.10589601844549179
94,1182,-0.44755658507347107,0.7538102865219116
94,1183,-1.7157447338104248,0.7274173498153687
94,1184,0.8329780697822571,0.07593667507171631
94,1185,-1.1467355489730835,0.7960540056228638
94,1186,0.38430437445640564,1.939071536064148
94,1187,1.7163335084915161,0.08939068019390106
94,1188,0.42304524779319763,0.07847190648317337
94,1189,-0.16937784850597382,1.027713656425476
94,1190,1.8053456544876099,0.9349812269210815
94,1191,0.5887675881385803,1.542301058769226
94,1192,-0.7831166386604309,0.30999884009361267
94,1193,0.02306508645415306,1.1638723611831665
94,1194,1.2479376792907715,0.5194066762924194
99,1390,-1.352823257446289,0.21378424763679504
99,1391,-0.15391002595424652,1.4905496835708618
99,1392,0.7257595658302307,0.44319435954093933
99,1393,-0.4190761148929596,0.39602771401405334
99,1394,0.4531005620956421,0.8069524765014648
99,1395,-0.03621719405055046,0.5757279396057129
99,1396,-0.5207359194755554,1.059670090675354
99,1397,-1.4507290124893188,0.2476847618818283
99,1398,-1.7402890920639038,0.15730030834674835
99,1399,-0.5958387851715088,1.695501446723938
99,1400,-1.7593995332717896,0.15811744332313538
99,1401,-0.10198909789323807,1.6100338697433472
99,1402,0.0850922092795372,0.32779452204704285
99,1403,-0.06376517564058304,0.4355199933052063
105,1796,0.09078585356473923,0.4994142949581146
105,1798,-0.6960110068321228,0.7285679578781128
105,1799,-1.687355399131775,-0.09849157184362411
105,1800,-0.7396642565727234,0.6509698033332825
105,1801,0.2979424297809601,0.721339762210846
105,1802,-1.4486780166625977,0.05964173004031181
105,1803,-1.1751179695129395,0.021665062755346298
105,1815,-0.7343282103538513,0.6438883543014526
105,1816,-1.4352935552597046,0.04541736841201782
105,1817,-0.15045876801013947,1.3707319498062134
105,1818,-0.2601999342441559,1.0970027446746826
105,1820,-0.9669728875160217,0.07968481630086899
105,1821,-0.7614638209342957,0.7201826572418213
106,1832,-1.5749229192733765,1.149462342262268
106,1833,-0.8675015568733215,0.6760827302932739
106,1834,-1.2188490629196167,1.3038259744644165
106,1835,0.04808419570326805,0.645868182182312
106,1836,-0.1743112951517105,1.1152230501174927
106,1837,0.30510208010673523,1.5832971334457397
106,1838,-1.011712670326233,0.7020258903503418
106,1839,0.08994073420763016,1.588668942451477
107,1859,-1.7687761783599854,0.2996129095554352
107,1860,-1.506580114364624,0.8039630055427551
107,1861,-0.2833263576030731,1.305261492729187
107,1863,-1.0413892269134521,-0.0591021329164505
107,1864,-1.5855178833007812,0.525475263595581
107,1865,-0.10952044278383255,0.5239671468734741
107,1866,-1.6200112104415894,0.26723191142082214
107,1867,-1.9352201223373413,0.13832363486289978
107,1868,-1.6722017526626587,0.6988146305084229
107,1869,0.8286019563674927,1.5915305614471436
107,1870,0.318472683429718,0.6176247000694275
107,1871,-1.8179000616073608,0.07107149809598923
107,1872,-0.3092799186706543,0.1652214378118515
107,1874,-1.0431432723999023,1.1888984441757202
107,1875,-1.932784914970398,0.1656007319688797
107,1876,-0.09018903225660324,1.369810938835144
107,1877,-1.6891182661056519,0.6365078687667847
119,2478,1.4031223058700562,0.6718167066574097
119,2479,1.381605625152588,0.6559736728668213
119,2480,-0.20088884234428406,1.1940979957580566
119,2481,-1.6463773250579834,0.6367142796516418
119,2483,-0.3437540531158447,0.2976801097393036
120,2510,1.7737230062484741,0.10425370186567307
120,2511,-0.2628536522388458,0.645903468132019
120,2513,1.507217288017273,1.0706299543380737
120,2514,-0.5714960694313049,0.041460517793893814
120,2515,-1.293984293937683,0.35319340229034424
120,2516,0.7057249546051025,1.5048476457595825
120,2517,0.47483381628990173,-0.0658004954457283
120,2518,-1.6962535381317139,-0.0032096984796226025
120,2519,-1.770189642906189,1.2449030876159668
120,2520,-1.2904239892959595,0.670814573764801
120,2521,0.26368483901023865,0.7415441274642944
120,2522,1.305364727973938,0.29546234011650085
122,2601,0.13546569645404816,0.745676577091217
122,2602,-0.3571794033050537,0.31042879819869995
122,2603,2.092040538787842,0.09344840794801712
122,2604,-0.003738235216587782,0.955730676651001
122,2605,1.5209121704101562,0.33498117327690125
122,2606,1.380666732788086,0.39325153827667236
122,2607,1.7481893301010132,1.0164231061935425
122,2608,-0.0491328127682209,0.9862793684005737
122,2609,0.45830345153808594,1.9501519203186035
122,2611,0.9087808728218079,0.4749923050403595
122,2612,0.14492487907409668,0.5863077044487
122,2613,0.9587135314941406,0.8229503631591797
127,2926,0.11020370572805405,0.8361272811889648
127,2927,1.7428888082504272,0.7399612069129944
127,2928,-1.6204627752304077,0.729865550994873
127,2929,0.07429143786430359,0.6771842241287231
127,2930,0.5467056632041931,1.1935139894485474
127,2931,-1.660666823387146,1.011311411857605
127,2932,-0.3116951882839203,0.8142739534378052
127,2934,1.8334790468215942,0.859638512134552
127,2935,0.040438126772642136,1.2028902769088745
127,2936,-1.660666823387146,1.011311411857605
127,2937,1.6910817623138428,0.9030269384384155
127,2938,-0.8515607118606567,1.1605430841445923
127,2939,1.0943371057510376,1.693889856338501
133,3110,1.833847165107727,0.5484675168991089
133,3111,1.0293952226638794,1.480161190032959
133,3112,1.8603531122207642,0.8451359272003174
133,3114,1.1401904821395874,1.1802449226379395
133,3115,1.9011430740356445,0.7885851860046387
133,3116,1.8810557126998901,0.8451518416404724
133,3117,1.8903902769088745,0.7697848677635193
133,3118,1.851812481880188,0.9206616878509521
133,3119,-1.756752371788025,0.5093066692352295
133,3120,1.8214741945266724,0.9067761898040771
133,3121,1.814771294593811,0.8095941543579102
134,3139,0.93471360206604,1.7342110872268677
134,3140,1.9844552278518677,0.6733341217041016
134,3141,-1.1152600049972534,1.2551316022872925
134,3142,-1.6959446668624878,1.3384771347045898
134,3143,-1.5480302572250366,1.3152207136154175
134,3144,-1.83396577835083,0.3488888144493103
134,3145,-1.5624293088912964,0.28547796607017517
134,3147,-0.43254604935646057,1.013548731803894
134,3148,-1.6325021982192993,1.006144404411316
134,3149,-0.4374140202999115,0.34130892157554626
134,3150,-1.7668057680130005,0.6279381513595581
134,3151,-0.9546403288841248,0.690418541431427
134,3152,-1.419358253479004,0.7106574773788452
139,3509,1.651265263557434,0.9259103536605835
139,3510,1.4559842348098755,1.579633355140686
139,3511,1.5067170858383179,0.3598979413509369
139,3512,1.8367031812667847,1.0380136966705322
139,3513,-0.9339979290962219,0.6880519390106201
139,3515,1.1132558584213257,0.3503963351249695
139,3516,1.6201297044754028,0.1531079262495041
139,3517,1.2729533910751343,1.06844162940979
139,3518,2.0268502235412598,0.009756401181221008
139,3519,1.8410598039627075,0.1833726316690445
139,3520,0.4908144176006317,1.251941204071045
139,3521,-1.3490270376205444,0.96126788854599
139,3522,-1.6932027339935303,0.46728867292404175
139,3523,-0.9479774832725525,0.8072025179862976
139,3524,-1.656126856803894,0.5090470314025879
139,3526,0.30812323093414307,0.19436509907245636
139,3527,1.448227047920227,0.0972469225525856
139,3528,1.118761420249939,0.21434170007705688
139,3529,0.3866446316242218,0.7543829679489136
140,3554,0.1471824198961258,0.41394761204719543
140,3555,-0.9150481820106506,0.1244247779250145
140,3556,1.5738786458969116,0.6487793326377869
140,3557,-1.676551103591919,0.1454319953918457
140,3558,1.3645304441452026,0.30100345611572266
140,3559,1.6889921426773071,0.5948628187179565
140,3560,1.5989289283752441,0.6145266890525818
140,3561,1.78984534740448,0.019882231950759888
140,3562,-1.832189917564392,0.1698221117258072
140,3564,-0.7987520694732666,0.20396015048027039
140,3565,1.3873921632766724,0.6363791227340698
140,3566,1.1042941808700562,0.4804966151714325
140,3567,0.28345805406570435,0.3177371323108673
140,3568,1.7719026803970337,0.3742404282093048
140,3569,1.5447264909744263,0.5875675678253174
140,3570,1.1736371517181396,0.6259399652481079
140,3571,2.053264856338501,0.132064089179039
145,3696,-0.030959200114011765,0.3242689073085785
145,3698,0.01784852147102356,1.7478642463684082
145,3699,-1.5909510850906372,-0.028972435742616653
145,3700,-1.5756388902664185,0.3268148601055145
145,3701,0.9109793305397034,1.1193972826004028
145,3702,1.0690029859542847,1.743844985961914
147,3752,-0.05346956476569176,0.7300634384155273
147,3753,1.8268860578536987,0.4471476674079895
147,3754,0.3779955506324768,1.3260644674301147
147,3755,0.8106045126914978,0.4332852363586426
147,3756,2.0524990558624268,0.11956898868083954
147,3757,1.297015905380249,0.1984218806028366
147,3758,0.6476098895072937,0.6686795949935913
147,3759,0.31615278124809265,1.4829310178756714
147,3760,-1.556401014328003,0.03660055249929428
147,3761,0.17582321166992188,1.4887794256210327
147,3762,0.8370792865753174,0.8375166058540344
147,3763,1.7522447109222412,0.27446186542510986
147,3764,0.8482743501663208,0.6661281585693359
147,3765,-1.7572678327560425,0.06335524469614029
147,3766,1.2794983386993408,0.2096509486436844
147,3767,0.8644861578941345,0.18059860169887543
147,3768,0.28703662753105164,0.4478459656238556
147,3769,1.2400822639465332,0.6410021781921387
147,3770,0.09384528547525406,0.39390841126441956
147,3771,1.9049631357192993,0.05225484073162079
147,3772,1.4299224615097046,0.11984904855489731
152,3876,-0.1050419732928276,1.0632984638214111
152,3877,0.1858697384595871,0.5843846797943115
152,3878,1.4024903774261475,0.22125054895877838
152,3879,1.771539568901062,0.5521758794784546
152,3880,0.6065710186958313,0.9637805819511414
152,3881,0.14179541170597076,1.1426218748092651
152,3882,0.3037515878677368,1.653516173362732
155,3950,-1.067823886871338,0.8658984899520874
155,3951,-1.0677093267440796,-0.055165257304906845
155,3952,-1.679708480834961,1.2876018285751343
155,3953,0.06420973688364029,1.556302785873413
155,3954,-0.7178292274475098,-0.1362798810005188
155,3955,-1.7210047245025635,-0.10600318014621735
155,3956,0.49540236592292786,1.0875097513198853
155,3957,-0.03334081545472145,0.05049871653318405
155,3958,1.0460903644561768,-0.09263493865728378
155,3959,-1.5004194974899292,-0.12672075629234314
155,3960,-1.1319340467453003,-0.11614509671926498
155,3961,-1.1971330642700195,0.9023633003234863
164,4196,-1.0718764066696167,-0.01992846466600895
164,4197,0.04929128661751747,1.2450448274612427
164,4198,-0.2869337499141693,1.2888461351394653
164,4199,0.033211831003427505,1.0849626064300537
164,4200,0.06930067390203476,1.208584189414978
164,4201,-0.6942804455757141,0.7915195226669312
164,4202,-0.6025667786598206,1.0794748067855835
164,4203,1.1650625467300415,1.14781653881073
164,4204,-0.7335469126701355,0.8829002380371094
168,4270,1.7782942056655884,0.9486415982246399
168,4271,1.43934166431427,1.1611469984054565
168,4272,0.1748093068599701,1.3877418041229248
168,4273,1.9729437828063965,0.5073118209838867
168,4274,0.2467988282442093,0.7632275819778442
168,4275,1.7083326578140259,1.1051732301712036
168,4276,1.821750283241272,0.7442852854728699
168,4277,1.7104734182357788,1.2398821115493774
168,4278,1.717964768409729,1.0398011207580566
168,4279,1.7065917253494263,1.2007514238357544
168,4280,1.808122992515564,0.9555855989456177
168,4281,1.560266375541687,1.1246886253356934
168,4282,1.6480225324630737,1.3240143060684204
168,4283,1.8777261972427368,0.32903435826301575
168,4284,-0.3584638237953186,0.09035675972700119
168,4285,1.904550552368164,0.02864851802587509
169,716,0.28426501154899597,1.645333170890808
169,717,-1.79786217212677,-0.014942880719900131
169,718,-1.3533629179000854,0.048589400947093964
169,719,-0.3889130651950836,1.0224214792251587
169,720,-0.9907206892967224,1.1393139362335205
169,721,-1.5957258939743042,0.21743066608905792
169,722,-1.0299559831619263,0.6183632612228394
169,726,-0.5691776871681213,0.9235314130783081
169,727,-1.9011204242706299,-0.003319281619042158
169,728,-0.07337057590484619,0.8203765749931335
169,729,-1.3757199048995972,0.6725707054138184
169,730,1.6798466444015503,0.4136168658733368
169,731,0.14362724125385284,1.501023292541504
169,732,1.4578168392181396,0.3041064441204071
169,733,1.91239595413208,0.6071085333824158
169,734,-0.821810781955719,0.11732225120067596
169,735,-1.6727811098098755,-0.11231932789087296
169,736,0.8618550896644592,1.2279112339019775
169,737,-1.8865188360214233,-0.09358591586351395
169,738,0.8156651854515076,1.5831867456436157
169,739,-1.0038511753082275,0.04065961763262749
169,740,-1.563686728477478,-0.04003273323178291
169,741,-0.032937102019786835,1.6080065965652466
169,742,-0.1421128362417221,0.7778440713882446
169,743,-1.2320996522903442,0.0324859581887722
169,744,-0.6477140188217163,1.0080233812332153
169,745,-1.3081494569778442,0.07081616669893265
169,746,-1.430322289466858,-0.08268307894468307
169,747,-0.49028122425079346,1.071313738822937
169,748,1.7215882539749146,0.619044303894043
169,749,-1.0339394807815552,0.019971754401922226
169,750,0.30575987696647644,0.8135899305343628
169,751,1.6757348775863647,0.41460734605789185
169,752,-1.5571081638336182,-0.030779723078012466
169,753,-1.4596877098083496,0.24808432161808014
169,754,-1.3690603971481323,0.04255029931664467
169,755,-0.2615033984184265,0.9089659452438354
169,756,-1.8876314163208008,-0.02525644749403
170,4343,-0.8009747862815857,0.8886654376983643
170,4344,-0.557337760925293,1.575122356414795
170,4345,-0.7870550155639648,0.2253056913614273
170,4346,-1.4562348127365112,0.054622214287519455
170,4347,-0.08979913592338562,1.5062006711959839
170,4348,-1.4167803525924683,0.753224790096283
170,4349,-1.2944973707199097,1.2197543382644653
170,4350,0.5115359425544739,1.9345422983169556
170,4351,-0.1309395581483841,1.648175597190857
170,4352,-1.1437199115753174,1.2658331394195557
170,4353,0.8034359812736511,0.810690701007843
170,4354,-0.7245878577232361,1.4052096605300903
170,4355,1.219049096107483,1.656967043876648
170,4356,-1.4323484897613525,1.0375345945358276
170,4357,-0.4239687919616699,1.0106045007705688
170,4358,0.9077404141426086,1.6481451988220215
171,4380,1.1053359508514404,1.7296890020370483
171,4381,-0.7459041476249695,0.07521793991327286
171,4382,-0.1158788651227951,0.24126410484313965
171,4383,0.6711500287055969,0.8529748320579529
171,4384,-1.5778850317001343,-0.0027106809429824352
171,4385,1.9509297609329224,0.48747140169143677
171,4386,0.8311160206794739,0.624764084815979
171,4387,1.6892505884170532,0.7474116683006287
171,4388,-1.7113111019134521,0.03159115090966225
171,4389,-0.46075573563575745,1.33041512966156
171,4390,0.8897951245307922,0.8289123177528381
171,4391,0.7711368203163147,-0.09415102750062943
171,4392,1.772474765777588,0.3551822900772095
171,4393,-1.1691358089447021,0.06850480288267136
171,4394,-0.5464966893196106,0.15889623761177063
171,4395,0.7412378191947937,1.5124845504760742
171,4396,-0.3927472233772278,0.48777055740356445
171,4397,1.813348412513733,0.928397536277771
171,4398,-1.0253758430480957,0.1333705633878708
171,4399,1.1325773000717163,1.5370683670043945
171,4400,-0.5227464437484741,-0.014711745083332062
49,4873,0.7209674715995789,1.1336162090301514
49,4874,-0.35268738865852356,0.2385341078042984
49,4875,-0.0997256264090538,0.42373111844062805
49,4876,-0.785767138004303,0.12603799998760223
49,4878,-1.7272447347640991,-0.07486092299222946
49,4879,0.11855029314756393,1.5416315793991089
49,4880,-1.077388882637024,0.284136027097702
49,4881,0.19727416336536407,0.9827455878257751
49,4882,1.772572636604309,0.9320992827415466
49,4883,0.14900542795658112,1.3155670166015625
49,4884,0.6486623883247375,1.0527528524398804
49,4885,0.4495600163936615,1.5305932760238647
49,4877,0.19727449119091034,0.9827454090118408
49,4887,-0.8198055624961853,-0.01807045005261898
49,4888,-1.785516619682312,-0.020134536549448967
49,4889,-0.4392703175544739,0.2750706076622009
49,4890,-0.75492924451828,0.6974541544914246
49,4891,-0.7049219012260437,0.46755191683769226
49,4892,-1.8696608543395996,0.008768154308199883
49,4893,-1.0105615854263306,0.15586645901203156
49,4886,-1.1329681873321533,0.12453972548246384
49,4905,-1.3700324296951294,0.1839532107114792
49,4906,-0.3756314814090729,0.31933921575546265
49,4907,0.06168658658862114,1.586871862411499
49,4908,-0.206818088889122,1.3607527017593384
49,4909,0.7088647484779358,1.6773849725723267
49,4910,-0.050673406571149826,0.7813680171966553
49,4911,-0.16259828209877014,1.0203098058700562
49,4912,-1.590118408203125,0.871539831161499
49,4913,0.15005318820476532,0.977438747882843
49,4914,0.2986813485622406,1.8435734510421753
49,4915,-0.5704284310340881,0.4363936185836792
49,4916,-1.4194010496139526,-0.05539441853761673
49,4917,-1.2723270654678345,0.10650057345628738
49,4918,0.0827101618051529,1.2175096273422241
49,4919,0.35236161947250366,1.7348594665527344
49,4920,1.218434453010559,0.9729041457176208
49,4894,-0.05516257509589195,1.173378825187683
49,4895,-0.23406901955604553,0.3301343619823456
49,4896,-0.8952853679656982,0.26681092381477356
49,4897,-0.08204635232686996,1.1334341764450073
49,4898,-1.37711501121521,0.21243353188037872
49,4899,0.59462571144104,1.7590134143829346
49,4900,0.7357905507087708,1.8680089712142944
49,4901,0.16195891797542572,1.6924633979797363
49,4902,-0.02258671447634697,0.8022091388702393
49,4903,0.37119653820991516,1.7075904607772827
49,4904,-1.0895801782608032,-0.11555474251508713
49,4932,0.85468590259552,1.8332270383834839
49,4933,-1.043758749961853,0.4149881899356842
49,4934,0.12637795507907867,0.6886883974075317
49,4935,0.5796689391136169,1.8197742700576782
49,4936,0.388511061668396,1.8700344562530518
49,4937,-0.714011549949646,1.070103645324707
49,4938,-1.0202277898788452,0.13587886095046997
49,4939,-0.8638613820075989,0.17068098485469818
49,4940,-0.08708248287439346,0.39343830943107605
49,4941,-1.7878540754318237,0.011355053633451462
49,4942,-1.2432669401168823,0.014154799282550812
49,4943,-0.30861514806747437,0.8215327262878418
49,4944,-0.19803382456302643,0.9374093413352966
49,4945,-1.0131264925003052,0.21453972160816193
49,4946,-0.07908886671066284,0.9552302360534668
49,4947,0.11757592856884003,1.3046050071716309
49,4948,0.021689150482416153,1.4410170316696167
49,4949,0.6138800978660583,1.9077410697937012
49,4950,-0.0833311602473259,1.5699044466018677
49,4951,0.4439464509487152,1.9241300821304321
49,4952,-1.696257472038269,0.0984555184841156
49,4953,0.32819274067878723,1.9901448488235474
49,4954,-1.5266175270080566,0.01065726950764656
49,4921,-1.7371268272399902,-0.02471744269132614
49,4922,-0.49323806166648865,1.1089757680892944
49,4923,0.021122749894857407,1.2883516550064087
49,4924,0.04401068761944771,0.673311710357666
49,4925,-1.8047977685928345,0.40719321370124817
49,4926,-0.10254783928394318,1.4891548156738281
49,4927,-0.05282656475901604,1.1567403078079224
49,4928,-0.021635178476572037,1.005541205406189
49,4929,1.2212481498718262,0.15892408788204193
49,4930,0.04401101544499397,0.6733112335205078
49,4931,-1.8719043731689453,0.07485489547252655
53,5224,1.558358073234558,1.1529101133346558
53,5225,1.3251514434814453,1.4786964654922485
53,5226,-1.550003170967102,-0.061809342354536057
53,5227,0.8323838114738464,1.8155590295791626
53,5228,1.0914210081100464,1.1678982973098755
53,5229,1.8470462560653687,0.01648678258061409
53,5245,0.8802180886268616,0.001806043554097414
53,5246,1.9593907594680786,0.12206269055604935
53,5247,0.7703304886817932,1.2299872636795044
53,5248,-0.955162763595581,-0.06894821673631668
53,5249,1.939206838607788,0.327546626329422
53,5250,1.347957730293274,0.6926532983779907
53,5251,-0.21847860515117645,0.15007662773132324
53,5252,0.01636664941906929,1.5538884401321411
53,5253,-0.08757633715867996,0.3579943776130676
53,5254,1.6810986995697021,0.45399045944213867
53,5255,0.24706114828586578,0.3421286642551422
53,5256,1.2939932346343994,1.4368709325790405
53,5257,0.8842877745628357,1.7394262552261353
53,5258,1.2710798978805542,1.6519681215286255
53,5259,1.660705804824829,1.0744000673294067
53,5260,1.4515843391418457,1.4299434423446655
53,5261,1.4515843391418457,1.4299434423446655
53,5262,1.9974697828292847,0.16334693133831024
53,5263,1.5194743871688843,0.17918936908245087
53,5230,-0.8406340479850769,0.01113135740160942
53,5231,-0.06533629447221756,1.351974368095398
53,5232,0.16409605741500854,0.34572020173072815
53,5233,-1.2438472509384155,0.2582438886165619
53,5234,-0.36695313453674316,1.2549196481704712
53,5235,0.26281923055648804,0.9511252641677856
53,5236,-0.9551643133163452,-0.06894844770431519
53,5237,-1.5596734285354614,-0.12295447289943695
53,5238,-1.8550113439559937,-0.09745723009109497
53,5239,1.2241257429122925,1.635149359703064
53,5240,1.8975147008895874,0.40290555357933044
53,5241,1.2780283689498901,1.6962864398956299
53,5242,-1.5164283514022827,-0.10061510652303696
53,5243,-1.9152182340621948,0.01535707712173462
53,5244,1.8485040664672852,0.4814312756061554
70,4840,1.3991507291793823,1.142961859703064
70,4841,1.8583775758743286,0.5252030491828918
70,4842,-0.13817010819911957,-0.1485573947429657
70,4843,1.6857497692108154,-0.05552664399147034
70,4844,1.5710010528564453,0.9048422574996948
70,4845,1.5855095386505127,0.22513827681541443
70,4846,-0.5645914077758789,0.2805091440677643
70,4847,1.6702734231948853,0.6994357109069824
70,4848,1.6583634614944458,0.8708206415176392
70,4849,1.0302523374557495,0.44592544436454773
70,4851,1.8259106874465942,0.7494027614593506
70,4852,1.4868061542510986,1.2833918333053589
70,4853,-0.23287856578826904,0.9684364795684814
70,4854,0.41447702050209045,1.8089020252227783
70,4855,1.0579558610916138,1.030288577079773
70,4856,1.531988501548767,0.8774613738059998
70,4857,0.7243719696998596,1.9055862426757812
70,4858,1.1926599740982056,0.07167825847864151
70,4859,0.8760731816291809,0.8302947282791138
70,4860,-1.1482481956481934,1.4074116945266724
70,4861,0.41201040148735046,1.5495003461837769
70,4862,0.8855069279670715,1.4598311185836792
70,4863,1.286662220954895,0.1540997475385666
70,4864,0.8428023457527161,1.4433037042617798
70,4865,0.8880763649940491,1.4157813787460327
70,4866,1.680901288986206,0.8977330327033997
70,4867,0.7535555958747864,0.5739881992340088
70,4868,0.17847661674022675,0.4318276345729828
70,4869,0.5716502070426941,1.9005500078201294
70,4870,-1.353960633277893,0.12323211133480072
70,4871,-0.5590625405311584,1.0382493734359741
70,4872,0.2673286199569702,1.7520450353622437
70,4955,0.4319204092025757,1.4382734298706055
70,4956,-0.030081596225500107,0.1944427788257599
70,4957,2.0041675567626953,0.21639874577522278
70,4958,0.8488686084747314,1.7136305570602417
70,4959,-0.0443577878177166,0.19132763147354126
110,1929,1.513724446296692,0.3076478838920593
110,1937,0.2957693636417389,0.21904346346855164
110,1939,0.4907832145690918,1.3921456336975098
110,1946,0.1010499820113182,1.8362582921981812
110,1948,-1.6980441808700562,0.026637308299541473
110,1949,1.3839329481124878,1.0952619314193726
110,1950,-0.49049606919288635,0.11480148881673813
110,1955,1.3111021518707275,1.5847152471542358
110,1956,1.594541072845459,1.2473170757293701
110,1958,-0.1646324098110199,0.7189062833786011
110,1959,1.4252595901489258,0.25035521388053894
110,1960,-1.5888676643371582,0.014389961957931519
110,1967,1.8181357383728027,0.7686700820922852
110,1971,1.274009108543396,1.470816731452942
110,1930,-0.4248623847961426,-0.0350007601082325
110,1931,0.7677258849143982,0.30001047253608704
110,1933,-1.8316158056259155,0.27242016792297363
110,1934,1.584947943687439,0.913731575012207
110,1935,0.6308267712593079,0.7665094137191772
110,1936,-0.6160144209861755,0.18132038414478302
110,1938,1.1971819400787354,0.6344273090362549
110,1940,1.3227190971374512,1.6343289613723755
110,1941,-0.08694005757570267,0.3369976580142975
110,1942,-1.9463311433792114,0.15451568365097046
110,1944,1.281149983406067,1.6732021570205688
110,1945,0.8572793006896973,1.4179531335830688
110,1947,0.2214842587709427,0.4242269694805145
110,1951,1.4135693311691284,1.5167781114578247
110,1952,-1.9292879104614258,0.5094099044799805
110,1953,1.6725399494171143,0.020997457206249237
110,1957,-1.9028745889663696,-0.0192878320813179
110,1965,-1.7003300189971924,0.1284303516149521
110,1966,1.88371741771698,0.0068361503072083
110,1968,1.2716273069381714,0.12810549139976501
110,1970,0.36030814051628113,1.6198384761810303
110,1972,-1.6023257970809937,1.3720930814743042
135,3154,0.38295331597328186,1.7423447370529175
135,3155,0.2631630599498749,1.3448231220245361
135,3156,1.5565742254257202,0.9912917017936707
135,3160,1.4634976387023926,1.2216471433639526
135,3161,0.38295331597328186,1.7423447370529175
135,3162,1.5428916215896606,0.3709501624107361
135,3164,-0.905992865562439,0.171233132481575
135,3167,0.9355838894844055,1.722790241241455
135,3175,0.8425797820091248,1.663451075553894
135,3176,1.0583871603012085,1.6821669340133667
135,3178,1.0583871603012085,1.6821669340133667
135,3180,0.9848765134811401,0.6764204502105713
135,3182,1.0583871603012085,1.6821669340133667
135,3187,1.5560963153839111,0.9419814348220825
135,3192,0.7351191639900208,1.7189233303070068
135,3153,1.2660528421401978,1.7667497396469116
135,3158,1.6301624774932861,0.5549278259277344
135,3159,-0.9491838812828064,0.2918902635574341
135,3163,0.9928892254829407,1.759071707725525
135,3165,0.7228010296821594,1.9753257036209106
135,3166,1.675340175628662,1.0602481365203857
135,3169,1.3005424737930298,1.6875278949737549
135,3170,1.744154691696167,1.1795703172683716
135,3171,1.0633693933486938,0.4582625925540924
135,3172,0.43999579548835754,1.4830540418624878
135,3173,1.3978527784347534,1.561527132987976
135,3174,1.2728588581085205,1.709862232208252
135,3177,1.319230079650879,1.6652308702468872
135,3181,1.5825289487838745,1.3811076879501343
135,3183,1.5328809022903442,1.387189507484436
135,3184,1.1243071556091309,1.7377468347549438
135,3185,0.9793431758880615,1.7007819414138794
135,3186,1.4715360403060913,1.2892522811889648
135,3188,0.3431794345378876,1.1387197971343994
135,3189,1.2405914068222046,1.7112222909927368
135,3191,1.3505030870437622,1.566657543182373
118,2431,-0.24943260848522186,0.22115537524223328
118,2432,-0.27511435747146606,0.3335055708885193
118,2433,1.5353093147277832,0.16575777530670166
118,2434,0.9494084715843201,0.013821110129356384
118,2435,0.02564914897084236,0.836555540561676
118,2436,1.8365129232406616,0.09145628660917282
118,2438,1.278044581413269,-0.066025011241436
118,2439,0.33776023983955383,1.383583903312683
118,2440,1.1596500873565674,0.4502444565296173
118,2441,0.6202074885368347,0.34020957350730896
118,2442,1.7307335138320923,0.5099881887435913
118,2443,-0.29655227065086365,0.26203835010528564
118,2444,1.5666261911392212,0.2862091362476349
118,2445,1.4926444292068481,0.863226592540741
118,2446,1.2072299718856812,1.0492302179336548
118,2447,1.1268516778945923,0.16342052817344666
118,2450,1.22284996509552,1.2804416418075562
118,2451,-0.4129027724266052,1.3879648447036743
118,2452,1.3174362182617188,-0.11389978229999542
118,2453,1.4849830865859985,0.5541225671768188
118,2454,0.3625534772872925,-0.06001918017864227
118,2455,-0.043867651373147964,1.4507733583450317
118,2456,-1.004805326461792,1.191329002380371
118,2457,0.7007172703742981,0.921910285949707
118,2458,-0.10360658913850784,-0.02171492949128151
118,2459,0.9905787110328674,1.0417238473892212
118,2461,0.03880762681365013,0.3566613495349884
118,2462,0.4388897716999054,0.545570969581604
118,2463,-0.22465582191944122,0.24885456264019012
118,2464,-1.7040971517562866,0.025568343698978424
118,2465,-1.266303300857544,0.06159782409667969
118,2466,0.1415986269712448,0.970119833946228
118,2467,1.3486886024475098,0.9031761288642883
118,2468,-0.14871414005756378,0.623848557472229
118,2469,-0.7389216423034668,0.09594549983739853
118,2470,-0.9887896180152893,-0.018304448574781418
97,1257,-0.6192537546157837,1.122368574142456
97,1258,0.19640319049358368,1.3742066621780396
97,1259,0.29396846890449524,0.15829651057720184
97,1260,0.21405760943889618,0.03285033255815506
97,1261,1.6937987804412842,1.0446590185165405
97,1262,-0.12927360832691193,0.69036865234375
97,1263,-0.395705908536911,1.5249695777893066
97,1264,0.6672897934913635,1.5866591930389404
97,1265,-0.9397110342979431,1.6419140100479126
97,1266,-1.0607315301895142,0.11289689689874649
97,1267,-1.6608880758285522,0.101365827023983
97,1268,-1.1020687818527222,0.5969115495681763
97,1269,-0.9550946354866028,0.15951092541217804
97,1270,-1.221753478050232,0.8450613021850586
97,1271,0.5486660003662109,1.6482282876968384
97,1272,-1.1960080862045288,0.39763644337654114
97,1273,-1.195416808128357,0.5488138198852539
97,1274,-1.3887211084365845,0.7383309602737427
97,1275,-0.9622162580490112,0.8551145792007446
97,1276,0.017090845853090286,0.8987008333206177
97,1277,-0.3674432933330536,1.0232399702072144
97,1278,-1.4924496412277222,0.7814596891403198
97,1279,-1.1763631105422974,0.7397561073303223
97,1280,0.010563869029283524,0.8330613374710083
97,1281,-0.2303537130355835,1.288485050201416
97,1282,-1.5339300632476807,0.6368985176086426
97,1283,0.7915429472923279,0.776913046836853
97,1284,-1.296119213104248,0.48334112763404846
97,1285,-0.453106552362442,0.5008485317230225
97,1305,-0.8990792632102966,1.314397931098938
97,1306,0.14174097776412964,1.1262167692184448
97,1307,-0.49423500895500183,0.30744776129722595
115,2326,-0.41941848397254944,0.10242509841918945
115,2327,-1.409324288368225,0.2680564522743225
115,2328,-0.2081659585237503,-0.15801142156124115
115,2330,-1.8065530061721802,-0.049642663449048996
115,2331,1.8963154554367065,0.5675243139266968
115,2332,1.3593906164169312,1.0949996709823608
115,2333,1.9681546688079834,0.5127615928649902
115,2334,1.7540217638015747,1.1279428005218506
115,2335,0.8502989411354065,1.5953763723373413
115,2336,1.9969276189804077,0.5380691885948181
115,2337,1.7215441465377808,0.7913259267807007
115,2338,1.7661799192428589,0.8220685720443726
115,2339,1.947017788887024,0.601463794708252
115,2341,1.0632030963897705,1.6234064102172852
115,2342,1.882912039756775,0.5490980744361877
115,2343,1.990524172782898,0.24459868669509888
115,2344,1.9627026319503784,0.37909409403800964
115,2345,1.8291692733764648,0.6295551061630249
115,2346,1.6960736513137817,1.0233508348464966
115,2347,1.7266002893447876,1.1060274839401245
115,2348,2.031355857849121,0.23217187821865082
115,2349,1.7769920825958252,0.7139681577682495
115,2350,1.5715999603271484,1.1356240510940552
115,2352,1.5485620498657227,0.6560107469558716
115,2353,1.479195475578308,1.1579104661941528
115,2354,1.921156406402588,0.5503498911857605
115,2355,1.9314254522323608,0.7456263899803162
115,2356,1.7963392734527588,0.7906615734100342
115,2357,1.9627026319503784,0.37909409403800964
115,2358,1.3273910284042358,1.2780133485794067
115,2359,0.9553669095039368,1.5474430322647095
115,2360,1.9222244024276733,0.4061497151851654
115,2361,1.5679353475570679,1.040927529335022
112,2007,1.529373288154602,1.0561684370040894
112,2008,0.7214002013206482,1.3472217321395874
112,2009,-0.56389981508255,1.310064673423767
112,2010,0.7214002013206482,1.3472217321395874
112,2011,0.7214002013206482,1.3472217321395874
112,2012,0.7214002013206482,1.3472217321395874
112,2014,0.4072607159614563,1.6678810119628906
112,2015,0.7214002013206482,1.3472217321395874
112,2016,0.41018232703208923,1.3871570825576782
112,2017,0.3568786680698395,1.5585781335830688
112,2018,0.03826805576682091,1.4177988767623901
112,2019,0.5004814863204956,1.7578879594802856
112,2020,-0.18736644089221954,1.4297726154327393
112,2021,1.1512430906295776,1.407145619392395
112,2022,0.037517089396715164,1.362881064414978
112,2023,0.8464477062225342,1.4778865575790405
112,2025,0.7214002013206482,1.3472217321395874
112,2026,1.2570098638534546,1.6391371488571167
112,2027,0.7214002013206482,1.3472217321395874
112,2028,0.2195102721452713,1.7369939088821411
112,2029,1.3992739915847778,1.4542574882507324
112,2030,1.7398619651794434,1.0289055109024048
112,2031,1.5455131530761719,1.2365621328353882
112,2032,-0.20199057459831238,1.1524568796157837
112,2033,-0.20199057459831238,1.1524568796157837
112,2034,-0.20199057459831238,1.1524568796157837
112,2037,-0.20199057459831238,1.1524568796157837
112,2038,1.539229393005371,1.201309323310852
112,2039,1.4938256740570068,1.3931397199630737
112,2040,0.05601898208260536,1.5651267766952515
111,1973,1.0467329025268555,1.5490083694458008
111,1974,-1.839775562286377,0.23454298079013824
111,1975,-0.05479570850729942,0.7761877775192261
111,1976,1.1635113954544067,1.1899601221084595
111,1977,1.3577075004577637,0.8461686968803406
111,1978,1.9399158954620361,-0.05658460035920143
111,1979,0.24764056503772736,1.8122822046279907
111,1981,-0.8491538763046265,0.0841863602399826
111,1982,0.6148228049278259,1.8580125570297241
111,1983,1.651495337486267,-0.1030140295624733
111,1984,-1.8145408630371094,0.7586485147476196
111,1985,0.19807903468608856,1.0886478424072266
111,1986,1.3686341047286987,0.05089373514056206
111,1987,1.6648582220077515,1.2396289110183716
111,1988,-1.5924171209335327,0.23911060392856598
111,1989,0.15445931255817413,0.9817938804626465
111,1990,-0.7511143088340759,0.11799306422472
111,1992,0.12815268337726593,1.05787193775177
111,1993,0.1572578251361847,1.0878101587295532
111,1994,0.18660706281661987,1.0171855688095093
111,1995,-1.8198217153549194,0.6656268835067749
111,1996,0.8682335615158081,0.048165835440158844
111,1997,0.48844531178474426,0.3220747113227844
111,1998,-0.3113393783569336,1.1659387350082397
111,1999,-1.6828340291976929,-0.01610293611884117
111,2000,0.323665976524353,0.46346598863601685
111,2001,0.7226582169532776,1.6190029382705688
111,2003,1.6746994256973267,0.6707871556282043
111,2004,0.4783393144607544,0.011439874768257141
111,2005,-0.11942411214113235,1.1078368425369263
111,2006,1.07660973072052,-0.050206173211336136
181,4613,-0.2069045454263687,1.442697286605835
181,4616,0.9980222582817078,0.9666621088981628
181,4620,-1.3429150581359863,0.1467849463224411
181,4621,-0.3581382930278778,0.4309384524822235
181,4625,-0.16455771028995514,1.1368616819381714
181,4627,-1.4180009365081787,0.35373756289482117
181,4631,-1.2589701414108276,0.18907462060451508
181,4634,-1.890947937965393,0.28319528698921204
181,4635,0.023550447076559067,1.66398024559021
181,4639,-0.14081479609012604,1.0124584436416626
181,4640,-1.3370281457901,0.4158923327922821
181,4612,1.718507170677185,1.1452795267105103
181,4614,0.33465567231178284,0.980756402015686
181,4615,1.5764813423156738,1.1338703632354736
181,4617,-0.698401153087616,1.575310230255127
181,4618,0.7207146286964417,0.39024943113327026
181,4619,1.7279634475708008,1.1385340690612793
181,4622,-0.10749507695436478,0.9066528081893921
181,4623,-0.2969226539134979,0.6478028297424316
181,4624,0.4192914664745331,1.6019231081008911
181,4626,0.02371155098080635,0.5534523725509644
181,4628,-0.20535089075565338,1.3209010362625122
181,4629,0.06520131975412369,0.5316472053527832
181,4632,0.07250270992517471,0.8479227423667908
181,4633,-0.20325793325901031,0.4599202573299408
181,4636,0.37516626715660095,0.7660806775093079
181,4637,-0.357066810131073,0.32650378346443176
181,4638,0.1890176683664322,0.7825281620025635
136,3194,-1.3288120031356812,0.6868906617164612
136,3195,-0.36047273874282837,0.4765391945838928
136,3197,-0.38268953561782837,1.3943246603012085
136,3198,-1.6971149444580078,1.1691409349441528
136,3199,-0.2675986886024475,0.642770528793335
136,3200,0.9925523400306702,0.5122469067573547
136,3201,0.2133234143257141,1.4248920679092407
136,3202,1.9965718984603882,0.009451474994421005
136,3203,-1.3935221433639526,0.7211803197860718
136,3204,-1.5555554628372192,0.7083048224449158
136,3205,-1.530967116355896,0.864821195602417
136,3206,-1.836337924003601,0.8189854621887207
136,3208,-1.4131358861923218,0.5014315843582153
136,3209,-1.4399536848068237,0.17495381832122803
136,3210,-1.237752914428711,0.8202323913574219
136,3211,-1.8359888792037964,0.6598601341247559
136,3212,-0.7690978646278381,0.2762128710746765
136,3213,0.887448787689209,0.449815958738327
136,3214,1.7074238061904907,0.06153510510921478
136,3215,0.15487538278102875,0.4051159620285034
136,3216,0.8563039898872375,0.5911219716072083
136,3217,-1.625747561454773,0.9226490259170532
136,3425,0.8082920908927917,0.6723392009735107
136,3426,-1.7199903726577759,0.007535193581134081
136,3427,-1.1485868692398071,0.17304487526416779
136,3428,-0.15927596390247345,0.3879833221435547
136,3429,-1.58143949508667,1.0433502197265625
136,3430,0.4650098979473114,0.2965048849582672
136,3431,-1.5699435472488403,0.5991132855415344
136,3432,-1.477819561958313,0.04108695685863495
100,1404,0.12113893777132034,0.9132369756698608
100,1405,1.3558310270309448,1.490713119506836
100,1406,1.1493033170700073,0.5297919511795044
100,1407,1.7321561574935913,0.7947170734405518
100,1408,0.3774791657924652,0.9529922008514404
100,1409,1.2429972887039185,0.13603034615516663
100,1419,0.7564694285392761,0.47175443172454834
100,1420,-1.6021575927734375,0.1371372640132904
100,1421,1.8449293375015259,0.29935434460639954
100,1422,0.30542802810668945,1.0670299530029297
100,1423,-1.911484956741333,-0.03831950202584267
100,1424,1.3613256216049194,1.648098349571228
100,1425,-1.7419465780258179,-0.04536709934473038
100,1426,-1.0165125131607056,-0.051239605993032455
100,1427,-1.605859398841858,-0.06839188933372498
100,1428,1.330189824104309,1.614262580871582
100,1429,1.7708650827407837,0.6631009578704834
100,1430,0.3370494842529297,1.1151565313339233
100,1431,-1.6949964761734009,-0.0737726166844368
143,3608,1.6391119956970215,0.7470500469207764
143,3609,1.9149305820465088,0.5372927188873291
143,3610,1.9584763050079346,0.07170066982507706
143,3611,2.075803518295288,0.05761079490184784
143,3612,1.4350372552871704,0.10099797695875168
143,3613,2.016606092453003,0.3952961564064026
143,3614,2.100280523300171,0.011464234441518784
143,3615,1.8290668725967407,0.8359035849571228
143,3616,1.7820807695388794,0.5321401953697205
143,3618,1.0632376670837402,0.7196426391601562
143,3619,-0.6506606936454773,1.5695565938949585
143,3620,1.987852692604065,0.21675865352153778
143,3621,2.047609329223633,0.4054233133792877
143,3622,1.687461256980896,0.715061604976654
143,3623,1.7294422388076782,0.7491162419319153
143,3624,1.8640426397323608,0.34986090660095215
143,3625,1.8603755235671997,0.7010904550552368
143,3626,1.5306519269943237,1.265181064605713
143,3627,1.9629713296890259,0.37733951210975647
143,3629,1.7544691562652588,0.9838675260543823
143,3630,1.792497992515564,0.6258212327957153
143,3631,1.3477600812911987,1.3922513723373413
143,3632,1.919193148612976,0.5047764778137207
143,3633,1.9110512733459473,0.4908061623573303
143,3634,1.1331150531768799,1.4557229280471802
143,3635,1.9320416450500488,0.5812324285507202
143,3636,1.919869303703308,0.5297293066978455
143,3637,1.5112342834472656,1.072048306465149
143,3638,1.744598627090454,0.6053761839866638
143,3640,1.7607625722885132,0.87975013256073
143,3641,1.6499987840652466,0.8596416711807251
143,3642,1.2954413890838623,1.079177975654602
143,3643,1.5706993341445923,0.9832494854927063
92,690,-1.4722548723220825,0.05352618917822838
92,694,-1.4735208749771118,0.28424036502838135
92,695,-1.2935326099395752,0.6871457099914551
92,696,1.5715166330337524,-0.01933412253856659
92,697,-1.0047069787979126,0.33334165811538696
92,698,-1.2112797498703003,0.7147217988967896
92,699,0.7920799255371094,1.625051498413086
92,709,0.9960595965385437,0.7715582251548767
92,711,0.44526004791259766,0.8379005193710327
92,712,1.0130459070205688,0.6957242488861084
92,713,1.2702816724777222,1.0942338705062866
92,714,0.2860969007015228,1.0471121072769165
92,689,-0.3155157268047333,1.4423454999923706
92,691,-0.12575076520442963,0.3585326075553894
92,692,1.8791887760162354,-0.03894035518169403
92,693,-0.20659217238426208,0.6482835412025452
92,700,-0.04330353066325188,0.4497368037700653
92,701,-0.1721736341714859,0.47637444734573364
92,702,-1.9317282438278198,-0.019893024116754532
92,703,-1.8435240983963013,0.02539442852139473
92,704,-1.6276936531066895,0.02851147949695587
92,705,1.8303484916687012,0.22879071533679962
92,706,1.6453052759170532,-0.13443772494792938
92,707,1.9262837171554565,0.19830864667892456
92,708,0.27096250653266907,1.8660932779312134
92,710,2.1029462814331055,0.1911618709564209
92,715,2.1051015853881836,-0.07427836954593658
104,1565,1.4912667274475098,0.8839306831359863
104,1566,0.6198670864105225,1.5253475904464722
104,1567,1.499404788017273,0.01124110072851181
104,1568,-0.8688621520996094,1.2637124061584473
104,1569,-0.24687345325946808,1.4203413724899292
104,1571,-0.2906801700592041,1.398492455482483
104,1572,-1.5546623468399048,0.6383059024810791
104,1573,-0.07529819011688232,1.0587425231933594
104,1574,0.424626886844635,1.0227569341659546
104,1575,0.20908479392528534,1.086077094078064
104,1576,-0.31623807549476624,1.0869064331054688
104,1577,2.059633493423462,0.1639089733362198
104,1578,1.0783543586730957,0.8363894820213318
104,1579,0.8941019773483276,0.4082205593585968
104,1580,0.45662280917167664,0.9647353887557983
104,1582,1.6228129863739014,1.0925601720809937
104,1583,0.1218770369887352,0.47039273381233215
104,1584,0.4139397442340851,0.2996605932712555
104,1585,0.9376500844955444,0.36285558342933655
104,1586,0.0037261289544403553,0.18613742291927338
104,1587,0.1937669962644577,0.3555082678794861
104,1588,1.0759800672531128,1.252457857131958
104,1589,-1.1580969095230103,-0.07575378566980362
104,1590,0.6516647338867188,0.5416012406349182
104,1591,-1.3807307481765747,-0.13517774641513824
104,1593,-1.752773404121399,-0.04404466226696968
104,1594,-1.05546236038208,-0.13594913482666016
104,1595,1.490054726600647,0.0538754016160965
104,1771,0.892848789691925,1.2716022729873657
104,1772,0.43092966079711914,0.5633636713027954
132,3066,-1.6275652647018433,0.15911884605884552
132,3067,-1.1502848863601685,1.1055352687835693
132,3068,1.698736310005188,0.7100023031234741
132,3071,0.249140664935112,0.6980057954788208
132,3072,-1.452616810798645,1.0731950998306274
132,3076,-1.687047004699707,0.5525537729263306
132,3082,-1.6141389608383179,0.5568388104438782
132,3084,-1.5918059349060059,0.13552038371562958
132,3085,-1.089714527130127,0.19347260892391205
132,3086,0.952580988407135,0.3735223114490509
132,3087,-1.6381112337112427,0.30450257658958435
132,3088,-1.2901326417922974,0.11367136985063553
132,3092,-1.676587700843811,0.13317672908306122
132,3095,0.8593550324440002,0.4710719883441925
132,3096,-1.4512361288070679,0.15063275396823883
132,3070,-0.32881638407707214,1.5048707723617554
132,3073,1.3432291746139526,1.483871340751648
132,3074,-0.9173370003700256,0.9233821034431458
132,3075,1.925051212310791,-0.019459307193756104
132,3077,-0.8905004858970642,0.8310844898223877
132,3078,-1.295498013496399,1.3934839963912964
132,3079,-1.1347922086715698,1.2250102758407593
132,3081,-0.8905004858970642,0.8310844898223877
132,3083,-0.9153923988342285,0.5860996246337891
132,3089,1.457814335823059,1.300976276397705
132,3090,-1.5709948539733887,0.3285249173641205
132,3093,2.064487934112549,0.012962527573108673
132,3094,-1.3700199127197266,0.620695173740387
132,3097,-1.3990565538406372,0.8906855583190918
156,3962,1.6803609132766724,0.34281638264656067
156,3968,1.1559432744979858,0.49185869097709656
156,3969,0.02918471023440361,1.551117181777954
156,3970,-0.4580715000629425,1.3931076526641846
156,3974,1.7118850946426392,0.15173490345478058
156,3975,-0.05985577031970024,0.8169889450073242
156,3976,0.43798568844795227,1.0075554847717285
156,3977,-1.4471861124038696,1.1796623468399048
156,3978,0.2764336168766022,1.7389296293258667
156,3980,-0.15872010588645935,0.8484920263290405
156,3981,1.8486031293869019,0.12060696631669998
156,3983,1.8762640953063965,0.13324809074401855
156,3985,1.5401883125305176,0.8214594125747681
156,3987,-0.14730137586593628,0.6929392218589783
156,3996,-0.19151945412158966,0.7877903580665588
156,3998,1.8792638778686523,0.11087767779827118
156,3963,-1.2827168703079224,1.404354214668274
156,3964,2.093336582183838,0.33884769678115845
156,3965,-0.4098207652568817,-0.029034936800599098
156,3966,0.5280581116676331,0.18656964600086212
156,3967,-1.118059515953064,0.820009708404541
156,3971,1.6609702110290527,-0.1468614786863327
156,3972,1.804588794708252,-0.032478637993335724
156,3973,1.964071273803711,0.08674108237028122
156,3979,1.9248135089874268,-0.01516791433095932
156,3982,1.883130669593811,-0.08891470730304718
156,3984,0.37153276801109314,1.8203728199005127
156,3986,-1.817959189414978,0.03503340482711792
156,3997,2.00291109085083,-0.06105867400765419
157,3999,-1.5181623697280884,0.7138126492500305
157,4000,-1.3934931755065918,0.8248450756072998
157,4001,-1.7828254699707031,0.206374391913414
157,4002,1.7809205055236816,1.0986775159835815
157,4003,-1.7656968832015991,0.1803559809923172
157,4004,1.196325659751892,1.7364249229431152
157,4005,1.4821709394454956,1.409035325050354
157,4006,0.4817644953727722,0.6060472726821899
157,4007,0.3547482192516327,1.5783896446228027
157,4008,0.7294907569885254,1.5363348722457886
157,4009,-1.4289532899856567,0.914321780204773
157,4010,0.18915124237537384,0.7228205800056458
157,4011,-1.300243854522705,0.6832258701324463
157,4012,-1.8150228261947632,0.15888622403144836
157,4013,-1.6819593906402588,0.5522962808609009
157,4014,1.7777049541473389,1.1279736757278442
157,4015,-0.47334590554237366,0.38155093789100647
157,4017,1.763882040977478,1.0308431386947632
157,4018,-1.7517951726913452,-0.016926372423768044
157,4019,-1.789890170097351,0.57798171043396
157,4020,0.4995451271533966,0.4359896183013916
157,4021,1.8104631900787354,0.9858585596084595
157,4022,0.92508465051651,1.611209750175476
84,207,0.4188329875469208,1.7216267585754395
84,208,0.15573863685131073,0.7030379176139832
84,209,0.9385026097297668,1.2803066968917847
84,210,0.10160180181264877,1.3698674440383911
84,211,0.9362941384315491,1.181911826133728
84,212,0.7812920808792114,0.862311065196991
84,214,0.8161583542823792,0.8638721704483032
84,219,0.4591592252254486,0.9893808364868164
84,220,1.9123609066009521,0.5194584727287292
84,221,0.645090639591217,1.7197405099868774
84,222,1.5732954740524292,0.6723050475120544
84,224,-0.80475252866745,0.3309745490550995
84,225,0.783335268497467,1.2265459299087524
84,233,0.573286235332489,1.3900516033172607
84,235,-0.653869092464447,0.0350264236330986
84,236,0.7075856924057007,0.9015173316001892
84,237,1.8526334762573242,0.6643592715263367
84,239,0.9786109328269958,1.3642820119857788
84,213,1.3248072862625122,1.7057024240493774
84,215,1.49177086353302,-0.18417143821716309
84,217,0.6822542548179626,1.907448649406433
84,218,0.6415308713912964,1.9791090488433838
84,223,1.2413383722305298,1.4786266088485718
84,226,0.9272566437721252,1.9290729761123657
84,228,1.3892167806625366,1.6405695676803589
84,229,1.833363652229309,0.052032433450222015
84,230,1.5934654474258423,1.3785014152526855
84,231,1.1171197891235352,1.7961524724960327
84,232,1.1204673051834106,1.8109848499298096
84,234,2.110074520111084,0.030345425009727478
165,4205,0.050431620329618454,0.5145094990730286
165,4206,1.6577273607254028,0.21083231270313263
165,4207,0.8505377173423767,1.630469799041748
165,4208,-1.696988821029663,0.3122883439064026
165,4215,1.8706151247024536,0.5709578990936279
165,4218,1.8323005437850952,0.4605066776275635
165,4220,1.6086100339889526,0.12095987051725388
165,4223,1.6240495443344116,0.29392847418785095
165,4224,-1.6026619672775269,0.6386148929595947
165,4209,1.1169661283493042,1.3947817087173462
165,4210,1.5697906017303467,1.1929484605789185
165,4211,0.9030254483222961,1.7869951725006104
165,4212,0.5079640746116638,0.23669397830963135
165,4213,1.3350859880447388,1.5166977643966675
165,4214,0.5281095504760742,1.8295015096664429
165,4216,0.0027888682670891285,1.1233456134796143
165,4217,1.64372718334198,1.0096081495285034
165,4219,1.4118802547454834,1.504287838935852
165,4221,1.4291088581085205,1.0381582975387573
165,4222,0.6907582879066467,1.8123259544372559
165,4225,-0.6799436211585999,0.2172520011663437
130,3018,-1.0553014278411865,0.3718203604221344
130,3019,1.3172131776809692,0.982477605342865
130,3020,-0.9040805697441101,0.14244987070560455
130,3021,0.3820749819278717,1.742547631263733
130,3022,-1.0544332265853882,0.1351058930158615
130,3023,-1.247254729270935,1.3478119373321533
130,3024,-1.7871803045272827,0.37353530526161194
130,3026,-1.9029937982559204,0.32367703318595886
130,3027,-0.8613808751106262,1.291324257850647
130,3028,-1.7107285261154175,0.21271726489067078
130,3029,-1.8130234479904175,1.0219894647598267
130,3030,-1.6899666786193848,0.28783878684043884
130,3031,0.45363107323646545,0.6027010083198547
130,3032,0.0808560699224472,1.2262037992477417
130,3033,-1.3461626768112183,0.05881597101688385
130,3034,-1.719978928565979,0.9807046055793762
130,3035,-1.6666628122329712,0.38387206196784973
130,3038,-0.7217623591423035,0.5972776412963867
130,3039,-0.7863684296607971,0.10833705216646194
130,3040,-0.9500149488449097,1.1068779230117798
130,3041,-1.8709110021591187,0.41129523515701294
130,3042,-1.5286297798156738,0.3750161826610565
159,4062,1.5696932077407837,0.9532805681228638
159,4063,-0.2941763997077942,1.3276489973068237
159,4064,-0.6988205313682556,0.29744282364845276
159,4068,-1.1096338033676147,1.272083044052124
159,4069,-0.3270895779132843,1.0384835004806519
159,4065,-0.7656202912330627,0.07386607676744461
159,4066,-0.9850885272026062,0.26775068044662476
159,4067,-0.2878555655479431,0.2399885654449463
159,4070,-1.611781120300293,-0.02111884206533432
159,4071,-1.259247899055481,0.1573946326971054
159,4072,-1.6315487623214722,0.6628930568695068
159,4073,-0.7767321467399597,1.714518427848816
159,4074,-0.7549321055412292,0.19219990074634552
159,4075,-0.8255591988563538,0.04052826762199402
159,4076,-1.5767585039138794,0.001722611952573061
159,4078,0.0850188285112381,0.8895193338394165
175,4477,0.10219790786504745,1.9048817157745361
175,4478,-0.5524573922157288,0.5322256088256836
175,4479,1.5722328424453735,0.6512672901153564
175,4480,1.6318508386611938,0.01888250559568405
175,4484,-0.5103217959403992,1.138330340385437
175,4485,-1.2489397525787354,0.13401655852794647
175,4486,0.6547701954841614,0.9528911113739014
175,4492,1.6413822174072266,0.12339140474796295
175,4495,0.8582555651664734,0.5980345606803894
175,4476,-0.19816313683986664,0.9449691772460938
175,4481,0.7213106155395508,1.735812783241272
175,4482,-1.617814064025879,0.007918555289506912
175,4483,-1.7781704664230347,0.9439975023269653
175,4487,0.7084956765174866,0.3128800690174103
175,4488,-1.5770068168640137,0.9552000761032104
175,4489,-0.8232291340827942,0.4322751760482788
175,4490,0.5194055438041687,0.7605420351028442
175,4491,0.08548515290021896,0.0579705536365509
175,4493,1.9723490476608276,0.0180768221616745
175,4494,-1.6912205219268799,0.005275141913443804
129,2989,0.06005803123116493,1.1961557865142822
129,2990,0.54422527551651,0.4518941044807434
129,2991,1.1710184812545776,0.6434465646743774
129,2993,-1.907759428024292,0.004343510139733553
129,2994,-0.4568340480327606,0.25769221782684326
129,2995,-0.08856657147407532,0.540947675704956
129,2996,1.1165417432785034,0.2793525159358978
129,2997,0.8887477517127991,0.09466048330068588
129,2998,-1.5666673183441162,0.07079227268695831
129,2999,0.17829851806163788,0.7596971392631531
129,3000,-1.4243661165237427,-0.021724220365285873
129,3001,0.15262265503406525,1.097909688949585
129,3002,0.11224446445703506,0.5130243897438049
129,3004,-1.7460349798202515,-0.12604036927223206
129,3005,-1.9203733205795288,-0.01919415220618248
129,3006,1.7570182085037231,0.5007506608963013
129,3007,-0.03892664238810539,0.8302992582321167
129,3008,0.01869441196322441,1.2526389360427856
129,3009,-1.6918014287948608,0.017859812825918198
129,3010,1.216369390487671,0.49583902955055237
129,3011,-0.6931076645851135,0.27837011218070984
129,3012,-0.27636146545410156,0.05514327436685562
129,3013,-1.6433228254318237,0.07373961061239243
129,3015,0.6165886521339417,0.7077656984329224
129,3016,-0.1308487206697464,0.4263395369052887
129,3017,-1.9553682804107666,0.02915021777153015
65,4744,-1.580113172531128,0.24638421833515167
65,4745,1.6892222166061401,0.03100648522377014
65,4746,0.9374150037765503,1.6574746370315552
65,4747,-0.8596501350402832,0.4662242829799652
65,4748,-1.1272307634353638,-0.024843305349349976
65,4749,-1.3011298179626465,0.3196958899497986
65,4751,1.804660677909851,0.478190153837204
65,4752,1.249174952507019,1.124668002128601
65,4753,0.5043783783912659,2.005363941192627
65,4754,1.2908269166946411,1.6974451541900635
65,4755,0.7274872064590454,1.5254260301589966
65,4756,0.8621188998222351,1.5041289329528809
65,4757,1.2405704259872437,1.0360928773880005
65,4758,1.63677179813385,1.0409008264541626
65,4759,2.0571482181549072,0.5239475965499878
65,4760,0.8972962498664856,1.6750224828720093
102,1453,-1.6817858219146729,0.08700143545866013
102,1454,0.15997052192687988,0.5657477378845215
102,1455,0.14780913293361664,1.6319962739944458
102,1456,-1.9895902872085571,0.19388248026371002
102,1457,-1.5033732652664185,0.20131398737430573
102,1458,-0.5993736982345581,0.5058280229568481
102,1459,-1.57693350315094,0.20122498273849487
102,1460,-1.5830117464065552,0.9961543679237366
102,1461,-0.8585734963417053,0.6372833251953125
102,1462,-0.13136573135852814,0.8830686807632446
102,1463,-0.3222135305404663,0.5516483187675476
102,1464,-1.3021149635314941,0.34488269686698914
102,1465,-0.7862817645072937,1.0530937910079956
102,1466,-1.596596121788025,1.2975844144821167
102,1467,-0.30409273505210876,0.8109390735626221
102,1468,-0.1291690170764923,0.4494931995868683
102,1469,0.5421053171157837,0.8734053373336792
102,1470,1.06034517288208,0.33666032552719116
102,1471,-1.2695573568344116,0.07884185761213303
102,1472,-1.1227964162826538,-0.0886649414896965
102,1473,-0.3996928036212921,1.3559154272079468
102,1474,-0.2648427486419678,1.4880049228668213
102,1475,-1.926169753074646,-0.022076189517974854
102,1476,-1.7051397562026978,0.22645330429077148
102,1478,-1.8185577392578125,-0.05393809452652931
102,1479,-0.00728624640032649,0.659395694732666
102,1480,-1.5054880380630493,0.2359222024679184
102,1481,-1.5442713499069214,0.0367702916264534
102,1482,-1.492280125617981,0.12722088396549225
102,1483,-0.1387554258108139,0.1217099204659462
149,3792,1.0222471952438354,0.5855313539505005
149,3794,0.11867710202932358,1.3118668794631958
149,3795,-1.2896677255630493,0.06774204224348068
149,3797,1.5625430345535278,0.221607506275177
149,3798,0.3824974596500397,0.9841535091400146
149,3800,0.8061911463737488,0.19548992812633514
149,3803,-0.35509219765663147,1.6486164331436157
149,3805,-1.1445802450180054,0.9641489386558533
149,3806,1.2522727251052856,0.7714002132415771
149,3807,0.27704814076423645,1.1914334297180176
149,3808,1.1066861152648926,1.152561068534851
149,3809,0.7225762009620667,1.4211399555206299
149,3812,-0.8758681416511536,1.0599995851516724
149,3793,-0.8425257205963135,0.2578042447566986
149,3796,-0.10471192747354507,0.9308730363845825
149,3799,0.9740883708000183,0.392421156167984
149,3801,-1.736607313156128,0.2005545198917389
149,3802,1.9028904438018799,0.8308360576629639
149,3804,1.9134043455123901,0.6386620998382568
149,3810,-0.5632895231246948,0.6737492084503174
149,3811,0.11463706940412521,0.8986817598342896
149,3813,1.8759855031967163,0.26094844937324524
154,3914,1.4524048566818237,0.8968039751052856
154,3915,-0.9656955599784851,1.3816144466400146
154,3919,-1.2046539783477783,0.38082176446914673
154,3920,-0.11494520306587219,0.3438534140586853
154,3921,-1.2842276096343994,0.32383134961128235
154,3924,-0.45811840891838074,1.7877529859542847
154,3926,1.525662899017334,0.5815139412879944
154,3927,0.6885070204734802,1.6166040897369385
154,3930,0.0874486118555069,1.3106144666671753
154,3932,-1.0334084033966064,1.0961658954620361
154,3933,0.38666537404060364,1.2985668182373047
154,3934,0.2584318220615387,1.5545804500579834
154,3935,-1.358110785484314,0.16177991032600403
154,3936,0.652544379234314,1.3686751127243042
154,3937,-0.19720637798309326,1.1019227504730225
154,3916,0.5815326571464539,1.2193044424057007
154,3917,-0.7243612408638,0.16185249388217926
154,3918,1.199432134628296,1.6445881128311157
154,3922,2.045224189758301,0.028021816164255142
154,3923,-1.610978603363037,-0.08974097669124603
154,3925,2.0088391304016113,0.3645395338535309
154,3928,1.7049208879470825,0.18541210889816284
154,3929,0.7214224338531494,0.23598003387451172
154,3931,1.7947505712509155,0.19641920924186707
101,1432,2.067732810974121,-0.02783936634659767
101,1433,1.6744194030761719,0.48185691237449646
101,1434,0.0786472037434578,1.6119468212127686
101,1435,0.21552281081676483,0.6237012147903442
101,1436,-0.32001587748527527,0.8882815837860107
101,1437,1.7685056924819946,-0.06368368864059448
101,1438,-0.8121779561042786,0.8309731483459473
101,1439,-0.6162155270576477,0.27281635999679565
101,1440,0.5168391466140747,0.4187295436859131
101,1441,-0.3754875361919403,0.32120761275291443
101,1442,1.2162765264511108,0.6175516247749329
101,1443,0.3622903525829315,1.003386378288269
101,1444,0.0607491172850132,0.03458032384514809
101,1445,2.1133217811584473,0.05124863237142563
101,1446,1.0842281579971313,0.3972104787826538
101,1447,1.0842281579971313,0.3972104787826538
101,1448,-0.3146252930164337,0.5289016962051392
101,1449,2.017791509628296,0.12192365527153015
101,1450,1.2286648750305176,0.5296271443367004
101,1451,0.05112111195921898,0.7083524465560913
101,1452,1.9140633344650269,0.6783871054649353
160,4079,1.5285053253173828,0.7858173251152039
160,4080,0.7289043068885803,0.7800104022026062
160,4081,1.2279459238052368,0.854137659072876
160,4086,0.9504939913749695,1.1158157587051392
160,4087,1.6108267307281494,0.8241671323776245
160,4088,-0.49445053935050964,0.5105267763137817
160,4089,0.24433967471122742,1.5124421119689941
160,4090,0.06013549491763115,1.4069703817367554
160,4093,0.1841384619474411,0.740944504737854
160,4095,0.21071624755859375,1.2293310165405273
160,4096,-0.12727932631969452,0.4968280494213104
160,4082,2.0678627490997314,0.2529676854610443
160,4083,1.2502899169921875,1.2487438917160034
160,4084,1.3842248916625977,1.1597087383270264
160,4085,1.9938358068466187,0.3182554543018341
160,4091,-1.3287814855575562,0.1428436040878296
160,4092,1.6689397096633911,1.1662317514419556
160,4094,1.8181356191635132,1.0578869581222534
160,4097,1.919850468635559,0.5070595741271973
151,3843,1.7885699272155762,0.8389186859130859
151,3844,-0.1433172971010208,0.4678032100200653
151,3845,-0.7295093536376953,0.37870559096336365
151,3846,0.3333560526371002,0.9076091051101685
151,3847,-0.7243954539299011,0.9570645093917847
151,3848,-0.49234262108802795,0.21839363873004913
151,3849,0.11305660754442215,0.7388964891433716
151,3850,1.7978132963180542,0.34989380836486816
151,3851,0.14880786836147308,0.7659991979598999
151,3852,-1.7183154821395874,-0.01775846630334854
151,3853,-1.087267279624939,0.27047011256217957
151,3854,-0.0033964174799621105,0.6063277721405029
151,3855,1.920143485069275,0.14035603404045105
151,3856,-0.25497937202453613,1.28806471824646
151,3857,1.5647975206375122,0.8107346296310425
151,3858,1.0013256072998047,1.8664506673812866
151,3859,-0.4839528799057007,1.9036158323287964
151,3860,0.7388267517089844,1.7917479276657104
151,3861,-1.9417697191238403,-0.0537528321146965
151,3862,-0.6773239374160767,0.5153131484985352
151,3863,0.7611067891120911,-0.003033533226698637
151,3864,0.26256754994392395,1.191107153892517
151,3865,-1.0824462175369263,0.12203522026538849
151,3866,0.20584584772586823,2.0204532146453857
151,3867,-0.18766118586063385,0.5004592537879944
151,3868,1.1696125268936157,-0.12557299435138702
177,4502,1.491388201713562,1.0487226247787476
177,4508,1.6444134712219238,0.8755499124526978
177,4511,1.7045103311538696,0.5079568028450012
177,4512,1.4735989570617676,0.6776770353317261
177,4503,2.0269057750701904,0.3202497065067291
177,4504,0.4731907546520233,0.2908479869365692
177,4505,1.9814231395721436,0.28444573283195496
177,4506,1.8112577199935913,0.9167292714118958
177,4507,1.7417315244674683,-0.07114825397729874
177,4509,0.748509407043457,1.4146066904067993
177,4510,1.8443652391433716,0.3212892413139343
117,2417,1.828969120979309,0.4214869737625122
117,2419,1.7243825197219849,0.3077490031719208
117,2420,0.9561957716941833,0.41527804732322693
117,2421,0.08483673632144928,0.8235337138175964
117,2422,1.5946182012557983,0.46084436774253845
117,2424,-1.309178113937378,0.2281438410282135
117,2429,1.9812604188919067,0.26781177520751953
117,2418,0.9907291531562805,0.8967700004577637
117,2423,1.436648964881897,1.4521023035049438
117,2425,1.6731114387512207,0.9954515695571899
117,2427,1.6342207193374634,0.6734991073608398
117,2428,1.5334821939468384,0.8384453654289246
117,2430,1.7471833229064941,0.8952835202217102
22,1328,-1.4220774173736572,0.5971342325210571
22,1329,-0.9423865079879761,1.0473734140396118
22,1330,-1.3124288320541382,0.5715818405151367
22,1331,-1.3317792415618896,1.1126184463500977
22,1332,1.7862027883529663,0.14205269515514374
22,1327,-1.3348499536514282,0.9065003991127014
82,5268,-1.6372625827789307,0.24684101343154907
82,5272,-1.0657731294631958,0.532496452331543
82,5273,-0.40640872716903687,0.6393555402755737
82,5267,-1.6515307426452637,1.2489906549453735
82,5269,-1.7842564582824707,0.9490227103233337
82,5270,-1.8567765951156616,0.8008377552032471
82,5271,0.6296682953834534,0.17877204716205597
82,5274,-0.030567150563001633,1.0286659002304077
123,2614,1.5636776685714722,0.459716260433197
123,2615,-0.5422903895378113,0.4558139741420746
123,2616,0.4029878079891205,0.3894939720630646
123,2618,-1.6650196313858032,-0.022043723613023758
123,2619,-1.3185640573501587,0.11256622523069382
123,2620,-1.390440821647644,0.7122007608413696
123,2622,0.35180866718292236,0.4461687207221985
123,2626,-0.223424032330513,0.43858376145362854
123,2617,1.4034124612808228,1.384324550628662
123,2623,0.006809834856539965,0.5821147561073303
123,2624,1.2907350063323975,1.6356576681137085
123,2625,-1.0236138105392456,0.2953096926212311
69,4835,-1.292561411857605,0.5512280464172363
69,4836,0.8662434816360474,1.862148404121399
69,4837,-1.6246534585952759,0.858119785785675
69,4838,1.8039679527282715,0.9352807998657227
55,4327,1.6962016820907593,0.008213736116886139
55,4428,0.3729400932788849,0.6963342428207397
55,4473,1.47279691696167,0.615931510925293
55,4527,-0.2846810519695282,0.2767852246761322
9,390,1.330482840538025,0.7064356207847595
9,391,0.2585127055644989,0.4339548349380493
9,392,0.7342254519462585,0.21800227463245392
9,393,0.7530657052993774,0.8821804523468018
9,394,0.3831944763660431,1.9514033794403076
12,575,-0.592612624168396,1.3588563203811646
12,576,1.738869547843933,0.4396354854106903
12,577,1.1179906129837036,1.138832688331604
13,607,-0.5310057997703552,0.7655202746391296
13,608,-0.9622453451156616,0.37586966156959534
13,609,0.4996170103549957,0.4290255904197693
13,610,-1.230709433555603,0.7422330975532532
13,611,1.1392838954925537,0.33595040440559387
13,612,-0.8994466662406921,0.7097601294517517
13,613,-0.46443408727645874,1.1268479824066162
13,614,0.4489608705043793,0.8258044719696045
13,615,0.5884417295455933,1.3116837739944458
13,616,-1.1829503774642944,0.22908411920070648
13,617,-0.7895912528038025,0.6659494042396545
13,618,-0.3861849904060364,1.32453191280365
37,2548,1.4926193952560425,0.9128295183181763
37,2549,0.10915374010801315,0.7089184522628784
37,2550,-0.7507856488227844,0.12451345473527908
37,2551,1.3497450351715088,0.6565682888031006
37,2552,1.2144161462783813,0.5179861187934875
37,2553,-1.3680604696273804,0.1116100624203682
37,2554,-0.5299093127250671,0.9923291802406311
37,2555,0.16084639728069305,1.0177425146102905
37,2556,-0.7292468547821045,0.2063295692205429
37,2557,0.7810661196708679,1.0347131490707397
37,2558,-0.9937824606895447,0.8878860473632812
37,2559,-0.016292575746774673,0.7673302888870239
37,2560,1.878954291343689,0.45142415165901184
37,2561,-0.16571269929409027,1.0879875421524048
37,2562,-0.8400004506111145,0.23273645341396332
37,2563,0.2902265191078186,1.7582758665084839
37,2564,1.6689788103103638,0.3169340193271637
37,2565,0.27992483973503113,0.2759811282157898
48,4821,-1.8325369358062744,0.5197209715843201
48,4822,1.0769788026809692,0.7597077488899231
48,4823,-1.419378399848938,0.9994041919708252
5,290,-0.5477614402770996,0.6135920882225037
5,291,-0.16941587626934052,0.9198528528213501
5,292,0.1391996592283249,1.7031924724578857
5,293,-0.37673988938331604,1.273821234703064
5,294,-0.8248229622840881,0.750025749206543
5,295,-1.437516450881958,0.8237031698226929
5,296,-1.1228517293930054,0.43458014726638794
5,297,0.10471928864717484,1.81378173828125
5,298,-1.507607340812683,-0.004078372847288847
5,299,-1.2251607179641724,0.8772823810577393
5,300,-1.6070184707641602,1.0285543203353882
5,301,-0.952510416507721,0.25302061438560486
